{
  "camera": {
    "poses": [
      {
        "position": {
          "x": -0.011202599853277206,
          "y": 1.6309196949005127,
          "z": -0.11416749656200409
        },
        "rotation": {
          "x": -16.879970526992995,
          "y": -2.4619271473305395,
          "z": 0.5263742350143933
        },
        "timestamp": 8746.999999999978
      }
    ],
    "events": []
  },
  "left": {
    "poses": [
      {
        "position": {
          "x": -0.04721614718437195,
          "y": 1.3911890983581543,
          "z": -0.40021249651908875
        },
        "rotation": {
          "x": 23.90947175570267,
          "y": 0.47217068027415743,
          "z": 98.39927217291499
        },
        "timestamp": 8746.999999999978
      }
    ],
    "events": [ ],
    "gamepad": {
      "id": "Oculus Touch (Left)",
      "hand": "left",
      "index": 0
    }
  },
  "right": {
    "poses": [
      {
        "position": {
          "x": 0.033309206366539,
          "y": 1.3661253452301025,
          "z": -0.3859516382217407
        },
        "rotation": {
          "x": 2.118411796546826,
          "y": 5.800298597563059,
          "z": -133.30692642047978
        },
        "timestamp": 8746.999999999978
      }
    ],
    "events": [ ],
    "gamepad": {
      "id": "Oculus Touch (Right)",
      "hand": "right",
      "index": 1
    }
  }
}
